,Sig_1_of_ID_1,Sig_2_of_ID_1,Sig_1_of_ID_2,Sig_2_of_ID_2,Sig_3_of_ID_2,Sig_1_of_ID_3,Sig_2_of_ID_3,Sig_1_of_ID_4,Sig_1_of_ID_5,Sig_2_of_ID_5,Sig_1_of_ID_6,Sig_2_of_ID_6,Sig_1_of_ID_7,Sig_2_of_ID_7,Sig_1_of_ID_8,Sig_1_of_ID_9,Sig_1_of_ID_10,Sig_2_of_ID_10,Sig_3_of_ID_10,Sig_4_of_ID_10
train_3_max,1.0,1.0,0.8358767115025032,1.0,0.6258540023608437,1.0,1.0,0.99792,0.9877346169827949,1.0,1.0,1.0,0.8441193810025317,1.0,0.6324688570904267,0.8295824696476158,0.8314566494505656,1.0,1.0,0.8254450030764002
train_3_min,0.0,0.0,0.0,0.0,0.0,0.0,0.1641232884974969,0.0,0.0,0.0,0.0,0.0,0.0,0.0,0.0,0.0894284868226235,0.0887726147585055,0.0,0.0,0.0031368660235404
train_4_max,0.999739944907004,1.0,0.8981844502080942,0.9997566899793212,0.8501521767805695,1.0,1.0,1.0,0.9818729371711667,1.0,1.0,1.0,0.8740026276558436,1.0,0.8537062089508929,1.0,1.0,1.0,1.0,1.0
train_4_min,0.0,0.0,0.0,0.0,0.0,0.0,0.1018155497919058,0.0,0.0,0.0,0.0,0.0,0.0,0.0,0.0,0.0669233047083209,0.0665804224143006,0.0,0.0,0.0
train_1_max,0.9992393882662778,1.0,0.9490319078352132,0.9992695740132944,0.7020362621786328,1.0,1.0,0.96928,0.9693056770575093,0.9993689406052844,1.0,1.0,0.8966662106643462,1.0,0.7079202639092197,0.8041160793603788,0.8063878243982837,1.0,0.9991955021452382,0.813687594121977
train_1_min,0.0,0.0,0.0,0.0,0.0,0.0,0.0509680921647869,0.0,0.0,0.0,0.0,0.0,0.0,0.0,0.0,0.1280722534794195,0.1274641711447911,0.0,0.0,0.001413749205306
train_2_max,0.9990492882756594,1.0,1.0,0.9990845732178985,1.0,1.0,1.0,1.0,1.0,0.9993689406052844,1.0,1.0,1.0,1.0,1.0,0.7366005330174712,0.7390134503353739,1.0,0.9991955021452382,0.7663157663717214
train_2_min,0.0,0.0,0.0,0.0,0.0,0.0,0.0,0.0,0.0,0.0,0.0,0.0,0.0,0.0,0.0,0.0368670417530352,0.0370566748109377,0.0,0.0,0.0007317327862358
